{
  "main": [
    {
      "name": "Home",
      "url": "/"
    },
    {
      "name": "Pricing",
      "url": "/pricing"
    },
    {
      "name": "Features",
      "url": "#features"
    },
    {
      "name": "Contact",
      "url": "/contact"
    },
    {
      "name": "FAQ",
      "url": "/faq"
    }
  ],
  "footer": [
    {
      "name": "Company",
      "menu": [
        {
          "text": "Pricing",
          "url": "/pricing"
        },
        {
          "text": "Quick Start",
          "url": "#"
        }
      ]
    },
    {
      "name": "Product",
      "menu": [
        {
          "text": "Features",
          "url": "#"
        },
        {
          "text": "Platform",
          "url": "#"
        },
        {
          "text": "Pricing",
          "url": "/pricing"
        }
      ]
    },
    {
      "name": "Support",
      "menu": [
        {
          "text": "FAQ",
          "url": "/faq"
        },
        {
          "text": "Privacy Policy",
          "url": "#"
        },
        {
          "text": "Terms & Conditions",
          "url": "#"
        }
      ]
    }
  ]
}
